project_number,project_name,combination_id,need_date,reference_month
PRJ001,Project 001,1,2026-04-13,2026-04-01
PRJ001,Project 001,2,2026-05-14,2026-04-01
PRJ001,Project 001,3,2026-06-15,2026-04-01
PRJ001,Project 001,4,2026-07-16,2026-04-01
PRJ001,Project 001,5,2026-08-17,2026-04-01
PRJ001,Project 001,6,2026-09-18,2026-04-01
PRJ001,Project 001,7,2026-10-19,2026-04-01
PRJ001,Project 001,8,2026-11-20,2026-04-01
PRJ001,Project 001,9,2026-12-21,2026-04-01
PRJ002,Project 002,1,2026-05-14,2026-04-01
PRJ002,Project 002,2,2026-06-16,2026-04-01
PRJ002,Project 002,3,2026-07-18,2026-04-01
PRJ002,Project 002,4,2026-08-20,2026-04-01
PRJ002,Project 002,5,2026-09-22,2026-04-01
PRJ002,Project 002,6,2026-10-24,2026-04-01
PRJ002,Project 002,7,2026-11-26,2026-04-01
PRJ002,Project 002,8,2026-12-12,2026-04-01
PRJ002,Project 002,9,2026-12-14,2026-04-01
PRJ003,Project 003,1,2026-06-15,2026-04-01
PRJ003,Project 003,2,2026-07-18,2026-04-01
PRJ003,Project 003,3,2026-08-21,2026-04-01
PRJ003,Project 003,4,2026-09-24,2026-04-01
PRJ003,Project 003,5,2026-10-27,2026-04-01
PRJ003,Project 003,6,2026-11-14,2026-04-01
PRJ003,Project 003,7,2026-12-17,2026-04-01
PRJ003,Project 003,8,2026-12-20,2026-04-01
PRJ003,Project 003,9,2026-12-23,2026-04-01
PRJ004,Project 004,1,2026-07-16,2026-04-01
PRJ004,Project 004,2,2026-08-20,2026-04-01
PRJ004,Project 004,3,2026-09-24,2026-04-01
PRJ004,Project 004,4,2026-10-12,2026-04-01
PRJ004,Project 004,5,2026-11-16,2026-04-01
PRJ004,Project 004,6,2026-12-20,2026-04-01
PRJ004,Project 004,7,2026-12-24,2026-04-01
PRJ004,Project 004,8,2026-12-12,2026-04-01
PRJ004,Project 004,9,2026-12-16,2026-04-01
PRJ005,Project 005,1,2026-08-17,2026-04-01
PRJ005,Project 005,2,2026-09-22,2026-04-01
PRJ005,Project 005,3,2026-10-27,2026-04-01
PRJ005,Project 005,4,2026-11-16,2026-04-01
PRJ005,Project 005,5,2026-12-21,2026-04-01
PRJ005,Project 005,6,2026-12-26,2026-04-01
PRJ005,Project 005,7,2026-12-15,2026-04-01
PRJ005,Project 005,8,2026-12-20,2026-04-01
PRJ005,Project 005,9,2026-12-25,2026-04-01
PRJ006,Project 006,1,2026-09-18,2026-04-01
PRJ006,Project 006,2,2026-10-24,2026-04-01
PRJ006,Project 006,3,2026-11-14,2026-04-01
PRJ006,Project 006,4,2026-12-20,2026-04-01
PRJ006,Project 006,5,2026-12-26,2026-04-01
PRJ006,Project 006,6,2026-12-16,2026-04-01
PRJ006,Project 006,7,2026-12-22,2026-04-01
PRJ006,Project 006,8,2026-12-12,2026-04-01
PRJ006,Project 006,9,2026-12-18,2026-04-01
PRJ007,Project 007,1,2026-10-19,2026-04-01
PRJ007,Project 007,2,2026-11-26,2026-04-01
PRJ007,Project 007,3,2026-12-17,2026-04-01
PRJ007,Project 007,4,2026-12-24,2026-04-01
PRJ007,Project 007,5,2026-12-15,2026-04-01
PRJ007,Project 007,6,2026-12-22,2026-04-01
PRJ007,Project 007,7,2026-12-13,2026-04-01
PRJ007,Project 007,8,2026-12-20,2026-04-01
PRJ007,Project 007,9,2026-12-27,2026-04-01
PRJ008,Project 008,1,2026-11-20,2026-04-01
PRJ008,Project 008,2,2026-12-12,2026-04-01
PRJ008,Project 008,3,2026-12-20,2026-04-01
PRJ008,Project 008,4,2026-12-12,2026-04-01
PRJ008,Project 008,5,2026-12-20,2026-04-01
PRJ008,Project 008,6,2026-12-12,2026-04-01
PRJ008,Project 008,7,2026-12-20,2026-04-01
PRJ008,Project 008,8,2026-12-12,2026-04-01
PRJ008,Project 008,9,2026-12-20,2026-04-01
PRJ009,Project 009,1,2026-12-21,2026-04-01
PRJ009,Project 009,2,2026-12-14,2026-04-01
PRJ009,Project 009,3,2026-12-23,2026-04-01
PRJ009,Project 009,4,2026-12-16,2026-04-01
PRJ009,Project 009,5,2026-12-25,2026-04-01
PRJ009,Project 009,6,2026-12-18,2026-04-01
PRJ009,Project 009,7,2026-12-27,2026-04-01
PRJ009,Project 009,8,2026-12-20,2026-04-01
PRJ009,Project 009,9,2026-12-13,2026-04-01
PRJ010,Project 010,1,2026-03-22,2026-04-01
PRJ010,Project 010,2,2026-04-16,2026-04-01
PRJ010,Project 010,3,2026-05-26,2026-04-01
PRJ010,Project 010,4,2026-06-20,2026-04-01
PRJ010,Project 010,5,2026-07-14,2026-04-01
PRJ010,Project 010,6,2026-08-24,2026-04-01
PRJ010,Project 010,7,2026-09-18,2026-04-01
PRJ010,Project 010,8,2026-10-12,2026-04-01
PRJ010,Project 010,9,2026-11-22,2026-04-01
PRJ011,Project 011,1,2026-04-23,2026-04-01
PRJ011,Project 011,2,2026-05-18,2026-04-01
PRJ011,Project 011,3,2026-06-13,2026-04-01
PRJ011,Project 011,4,2026-07-24,2026-04-01
PRJ011,Project 011,5,2026-08-19,2026-04-01
PRJ011,Project 011,6,2026-09-14,2026-04-01
PRJ011,Project 011,7,2026-10-25,2026-04-01
PRJ011,Project 011,8,2026-11-20,2026-04-01
PRJ011,Project 011,9,2026-12-15,2026-04-01
PRJ012,Project 012,1,2026-05-24,2026-04-01
PRJ012,Project 012,2,2026-06-20,2026-04-01
PRJ012,Project 012,3,2026-07-16,2026-04-01
PRJ012,Project 012,4,2026-08-12,2026-04-01
PRJ012,Project 012,5,2026-09-24,2026-04-01
PRJ012,Project 012,6,2026-10-20,2026-04-01
PRJ012,Project 012,7,2026-11-16,2026-04-01
PRJ012,Project 012,8,2026-12-12,2026-04-01
PRJ012,Project 012,9,2026-12-24,2026-04-01
PRJ013,Project 013,1,2026-06-25,2026-04-01
PRJ013,Project 013,2,2026-07-22,2026-04-01
PRJ013,Project 013,3,2026-08-19,2026-04-01
PRJ013,Project 013,4,2026-09-16,2026-04-01
PRJ013,Project 013,5,2026-10-13,2026-04-01
PRJ013,Project 013,6,2026-11-26,2026-04-01
PRJ013,Project 013,7,2026-12-23,2026-04-01
PRJ013,Project 013,8,2026-12-20,2026-04-01
PRJ013,Project 013,9,2026-12-17,2026-04-01
PRJ014,Project 014,1,2026-07-26,2026-04-01
PRJ014,Project 014,2,2026-08-24,2026-04-01
PRJ014,Project 014,3,2026-09-22,2026-04-01
PRJ014,Project 014,4,2026-10-20,2026-04-01
PRJ014,Project 014,5,2026-11-18,2026-04-01
PRJ014,Project 014,6,2026-12-16,2026-04-01
PRJ014,Project 014,7,2026-12-14,2026-04-01
PRJ014,Project 014,8,2026-12-12,2026-04-01
PRJ014,Project 014,9,2026-12-26,2026-04-01
PRJ015,Project 015,1,2026-08-27,2026-04-01
PRJ015,Project 015,2,2026-09-26,2026-04-01
PRJ015,Project 015,3,2026-10-25,2026-04-01
PRJ015,Project 015,4,2026-11-24,2026-04-01
PRJ015,Project 015,5,2026-12-23,2026-04-01
PRJ015,Project 015,6,2026-12-22,2026-04-01
PRJ015,Project 015,7,2026-12-21,2026-04-01
PRJ015,Project 015,8,2026-12-20,2026-04-01
PRJ015,Project 015,9,2026-12-19,2026-04-01
PRJ016,Project 016,1,2026-09-12,2026-04-01
PRJ016,Project 016,2,2026-10-12,2026-04-01
PRJ016,Project 016,3,2026-11-12,2026-04-01
PRJ016,Project 016,4,2026-12-12,2026-04-01
PRJ016,Project 016,5,2026-12-12,2026-04-01
PRJ016,Project 016,6,2026-12-12,2026-04-01
PRJ016,Project 016,7,2026-12-12,2026-04-01
PRJ016,Project 016,8,2026-12-12,2026-04-01
PRJ016,Project 016,9,2026-12-12,2026-04-01
PRJ017,Project 017,1,2026-10-13,2026-04-01
PRJ017,Project 017,2,2026-11-14,2026-04-01
PRJ017,Project 017,3,2026-12-15,2026-04-01
PRJ017,Project 017,4,2026-12-16,2026-04-01
PRJ017,Project 017,5,2026-12-17,2026-04-01
PRJ017,Project 017,6,2026-12-18,2026-04-01
PRJ017,Project 017,7,2026-12-19,2026-04-01
PRJ017,Project 017,8,2026-12-20,2026-04-01
PRJ017,Project 017,9,2026-12-21,2026-04-01
PRJ018,Project 018,1,2026-11-14,2026-04-01
PRJ018,Project 018,2,2026-12-16,2026-04-01
PRJ018,Project 018,3,2026-12-18,2026-04-01
PRJ018,Project 018,4,2026-12-20,2026-04-01
PRJ018,Project 018,5,2026-12-22,2026-04-01
PRJ018,Project 018,6,2026-12-24,2026-04-01
PRJ018,Project 018,7,2026-12-26,2026-04-01
PRJ018,Project 018,8,2026-12-12,2026-04-01
PRJ018,Project 018,9,2026-12-14,2026-04-01
PRJ019,Project 019,1,2026-12-15,2026-04-01
PRJ019,Project 019,2,2026-12-18,2026-04-01
PRJ019,Project 019,3,2026-12-21,2026-04-01
PRJ019,Project 019,4,2026-12-24,2026-04-01
PRJ019,Project 019,5,2026-12-27,2026-04-01
PRJ019,Project 019,6,2026-12-14,2026-04-01
PRJ019,Project 019,7,2026-12-17,2026-04-01
PRJ019,Project 019,8,2026-12-20,2026-04-01
PRJ019,Project 019,9,2026-12-23,2026-04-01
PRJ020,Project 020,1,2026-03-16,2026-04-01
PRJ020,Project 020,2,2026-04-20,2026-04-01
PRJ020,Project 020,3,2026-05-24,2026-04-01
PRJ020,Project 020,4,2026-06-12,2026-04-01
PRJ020,Project 020,5,2026-07-16,2026-04-01
PRJ020,Project 020,6,2026-08-20,2026-04-01
PRJ020,Project 020,7,2026-09-24,2026-04-01
PRJ020,Project 020,8,2026-10-12,2026-04-01
PRJ020,Project 020,9,2026-11-16,2026-04-01
PRJ021,Project 021,1,2026-04-17,2026-04-01
PRJ021,Project 021,2,2026-05-22,2026-04-01
PRJ021,Project 021,3,2026-06-27,2026-04-01
PRJ021,Project 021,4,2026-07-16,2026-04-01
PRJ021,Project 021,5,2026-08-21,2026-04-01
PRJ021,Project 021,6,2026-09-26,2026-04-01
PRJ021,Project 021,7,2026-10-15,2026-04-01
PRJ021,Project 021,8,2026-11-20,2026-04-01
PRJ021,Project 021,9,2026-12-25,2026-04-01
PRJ022,Project 022,1,2026-05-18,2026-04-01
PRJ022,Project 022,2,2026-06-24,2026-04-01
PRJ022,Project 022,3,2026-07-14,2026-04-01
PRJ022,Project 022,4,2026-08-20,2026-04-01
PRJ022,Project 022,5,2026-09-26,2026-04-01
PRJ022,Project 022,6,2026-10-16,2026-04-01
PRJ022,Project 022,7,2026-11-22,2026-04-01
PRJ022,Project 022,8,2026-12-12,2026-04-01
PRJ022,Project 022,9,2026-12-18,2026-04-01
PRJ023,Project 023,1,2026-06-19,2026-04-01
PRJ023,Project 023,2,2026-07-26,2026-04-01
PRJ023,Project 023,3,2026-08-17,2026-04-01
PRJ023,Project 023,4,2026-09-24,2026-04-01
PRJ023,Project 023,5,2026-10-15,2026-04-01
PRJ023,Project 023,6,2026-11-22,2026-04-01
PRJ023,Project 023,7,2026-12-13,2026-04-01
PRJ023,Project 023,8,2026-12-20,2026-04-01
PRJ023,Project 023,9,2026-12-27,2026-04-01
PRJ024,Project 024,1,2026-07-20,2026-04-01
PRJ024,Project 024,2,2026-08-12,2026-04-01
PRJ024,Project 024,3,2026-09-20,2026-04-01
PRJ024,Project 024,4,2026-10-12,2026-04-01
PRJ024,Project 024,5,2026-11-20,2026-04-01
PRJ024,Project 024,6,2026-12-12,2026-04-01
PRJ024,Project 024,7,2026-12-20,2026-04-01
PRJ024,Project 024,8,2026-12-12,2026-04-01
PRJ024,Project 024,9,2026-12-20,2026-04-01
PRJ025,Project 025,1,2026-08-21,2026-04-01
PRJ025,Project 025,2,2026-09-14,2026-04-01
PRJ025,Project 025,3,2026-10-23,2026-04-01
PRJ025,Project 025,4,2026-11-16,2026-04-01
PRJ025,Project 025,5,2026-12-25,2026-04-01
PRJ025,Project 025,6,2026-12-18,2026-04-01
PRJ025,Project 025,7,2026-12-27,2026-04-01
PRJ025,Project 025,8,2026-12-20,2026-04-01
PRJ025,Project 025,9,2026-12-13,2026-04-01
PRJ026,Project 026,1,2026-09-22,2026-04-01
PRJ026,Project 026,2,2026-10-16,2026-04-01
PRJ026,Project 026,3,2026-11-26,2026-04-01
PRJ026,Project 026,4,2026-12-20,2026-04-01
PRJ026,Project 026,5,2026-12-14,2026-04-01
PRJ026,Project 026,6,2026-12-24,2026-04-01
PRJ026,Project 026,7,2026-12-18,2026-04-01
PRJ026,Project 026,8,2026-12-12,2026-04-01
PRJ026,Project 026,9,2026-12-22,2026-04-01
PRJ027,Project 027,1,2026-10-23,2026-04-01
PRJ027,Project 027,2,2026-11-18,2026-04-01
PRJ027,Project 027,3,2026-12-13,2026-04-01
PRJ027,Project 027,4,2026-12-24,2026-04-01
PRJ027,Project 027,5,2026-12-19,2026-04-01
PRJ027,Project 027,6,2026-12-14,2026-04-01
PRJ027,Project 027,7,2026-12-25,2026-04-01
PRJ027,Project 027,8,2026-12-20,2026-04-01
PRJ027,Project 027,9,2026-12-15,2026-04-01
PRJ028,Project 028,1,2026-11-24,2026-04-01
PRJ028,Project 028,2,2026-12-20,2026-04-01
PRJ028,Project 028,3,2026-12-16,2026-04-01
PRJ028,Project 028,4,2026-12-12,2026-04-01
PRJ028,Project 028,5,2026-12-24,2026-04-01
PRJ028,Project 028,6,2026-12-20,2026-04-01
PRJ028,Project 028,7,2026-12-16,2026-04-01
PRJ028,Project 028,8,2026-12-12,2026-04-01
PRJ028,Project 028,9,2026-12-24,2026-04-01
PRJ029,Project 029,1,2026-12-25,2026-04-01
PRJ029,Project 029,2,2026-12-22,2026-04-01
PRJ029,Project 029,3,2026-12-19,2026-04-01
PRJ029,Project 029,4,2026-12-16,2026-04-01
PRJ029,Project 029,5,2026-12-13,2026-04-01
PRJ029,Project 029,6,2026-12-26,2026-04-01
PRJ029,Project 029,7,2026-12-23,2026-04-01
PRJ029,Project 029,8,2026-12-20,2026-04-01
PRJ029,Project 029,9,2026-12-17,2026-04-01
PRJ030,Project 030,1,2026-03-26,2026-04-01
PRJ030,Project 030,2,2026-04-24,2026-04-01
PRJ030,Project 030,3,2026-05-22,2026-04-01
PRJ030,Project 030,4,2026-06-20,2026-04-01
PRJ030,Project 030,5,2026-07-18,2026-04-01
PRJ030,Project 030,6,2026-08-16,2026-04-01
PRJ030,Project 030,7,2026-09-14,2026-04-01
PRJ030,Project 030,8,2026-10-12,2026-04-01
PRJ030,Project 030,9,2026-11-26,2026-04-01
PRJ031,Project 031,1,2026-04-27,2026-04-01
PRJ031,Project 031,2,2026-05-26,2026-04-01
PRJ031,Project 031,3,2026-06-25,2026-04-01
PRJ031,Project 031,4,2026-07-24,2026-04-01
PRJ031,Project 031,5,2026-08-23,2026-04-01
PRJ031,Project 031,6,2026-09-22,2026-04-01
PRJ031,Project 031,7,2026-10-21,2026-04-01
PRJ031,Project 031,8,2026-11-20,2026-04-01
PRJ031,Project 031,9,2026-12-19,2026-04-01
PRJ032,Project 032,1,2026-05-12,2026-04-01
PRJ032,Project 032,2,2026-06-12,2026-04-01
PRJ032,Project 032,3,2026-07-12,2026-04-01
PRJ032,Project 032,4,2026-08-12,2026-04-01
PRJ032,Project 032,5,2026-09-12,2026-04-01
PRJ032,Project 032,6,2026-10-12,2026-04-01
PRJ032,Project 032,7,2026-11-12,2026-04-01
PRJ032,Project 032,8,2026-12-12,2026-04-01
PRJ032,Project 032,9,2026-12-12,2026-04-01
PRJ033,Project 033,1,2026-06-13,2026-04-01
PRJ033,Project 033,2,2026-07-14,2026-04-01
PRJ033,Project 033,3,2026-08-15,2026-04-01
PRJ033,Project 033,4,2026-09-16,2026-04-01
PRJ033,Project 033,5,2026-10-17,2026-04-01
PRJ033,Project 033,6,2026-11-18,2026-04-01
PRJ033,Project 033,7,2026-12-19,2026-04-01
PRJ033,Project 033,8,2026-12-20,2026-04-01
PRJ033,Project 033,9,2026-12-21,2026-04-01
PRJ034,Project 034,1,2026-07-14,2026-04-01
PRJ034,Project 034,2,2026-08-16,2026-04-01
PRJ034,Project 034,3,2026-09-18,2026-04-01
PRJ034,Project 034,4,2026-10-20,2026-04-01
PRJ034,Project 034,5,2026-11-22,2026-04-01
PRJ034,Project 034,6,2026-12-24,2026-04-01
PRJ034,Project 034,7,2026-12-26,2026-04-01
PRJ034,Project 034,8,2026-12-12,2026-04-01
PRJ034,Project 034,9,2026-12-14,2026-04-01
PRJ035,Project 035,1,2026-08-15,2026-04-01
PRJ035,Project 035,2,2026-09-18,2026-04-01
PRJ035,Project 035,3,2026-10-21,2026-04-01
PRJ035,Project 035,4,2026-11-24,2026-04-01
PRJ035,Project 035,5,2026-12-27,2026-04-01
PRJ035,Project 035,6,2026-12-14,2026-04-01
PRJ035,Project 035,7,2026-12-17,2026-04-01
PRJ035,Project 035,8,2026-12-20,2026-04-01
PRJ035,Project 035,9,2026-12-23,2026-04-01
